{
    "model": "BaseIEModelGoldEntities",
    "learning_rate": 2e-05,
    "epochs": 4,
    "batchsize": 8,
    "scores": [
        {
            "P17": {
                "precision": 0.8870967741935484,
                "recall": 0.9523809523809523,
                "f1-score": 0.918580375782881,
                "support": 231
            },
            "P641": {
                "precision": 0.9122807017543859,
                "recall": 0.9629629629629629,
                "f1-score": 0.9369369369369369,
                "support": 54
            },
            "P131": {
                "precision": 0.7247191011235955,
                "recall": 0.9148936170212766,
                "f1-score": 0.8087774294670846,
                "support": 141
            },
            "P0": {
                "precision": 0.7424242424242424,
                "recall": 0.6504424778761062,
                "f1-score": 0.6933962264150944,
                "support": 452
            },
            "P27": {
                "precision": 0.9069767441860465,
                "recall": 0.9285714285714286,
                "f1-score": 0.9176470588235294,
                "support": 42
            },
            "P19": {
                "precision": 1.0,
                "recall": 0.75,
                "f1-score": 0.8571428571428571,
                "support": 24
            },
            "P47": {
                "precision": 0.7346938775510204,
                "recall": 0.7578947368421053,
                "f1-score": 0.7461139896373057,
                "support": 95
            },
            "P30": {
                "precision": 0.8,
                "recall": 1.0,
                "f1-score": 0.888888888888889,
                "support": 12
            },
            "P403": {
                "precision": 0.8181818181818182,
                "recall": 1.0,
                "f1-score": 0.9,
                "support": 9
            },
            "P26": {
                "precision": 0.6,
                "recall": 0.3,
                "f1-score": 0.4,
                "support": 10
            },
            "P7": {
                "precision": 0.0,
                "recall": 0.0,
                "f1-score": 0.0,
                "support": 5
            },
            "P571": {
                "precision": 0.6363636363636364,
                "recall": 0.3888888888888889,
                "f1-score": 0.4827586206896552,
                "support": 18
            },
            "P31": {
                "precision": 0.855072463768116,
                "recall": 0.8194444444444444,
                "f1-score": 0.8368794326241135,
                "support": 72
            },
            "P577": {
                "precision": 0.7407407407407407,
                "recall": 0.9090909090909091,
                "f1-score": 0.8163265306122449,
                "support": 22
            },
            "P161": {
                "precision": 0.6756756756756757,
                "recall": 0.9615384615384616,
                "f1-score": 0.7936507936507937,
                "support": 26
            },
            "P118": {
                "precision": 0.9285714285714286,
                "recall": 0.9629629629629629,
                "f1-score": 0.9454545454545454,
                "support": 27
            },
            "P570": {
                "precision": 1.0,
                "recall": 0.2727272727272727,
                "f1-score": 0.42857142857142855,
                "support": 11
            },
            "P190": {
                "precision": 0.8333333333333334,
                "recall": 0.625,
                "f1-score": 0.7142857142857143,
                "support": 8
            },
            "P37": {
                "precision": 0.6,
                "recall": 1.0,
                "f1-score": 0.7499999999999999,
                "support": 3
            },
            "P1191": {
                "precision": 0.5,
                "recall": 1.0,
                "f1-score": 0.6666666666666666,
                "support": 1
            },
            "P175": {
                "precision": 0.8888888888888888,
                "recall": 0.9230769230769231,
                "f1-score": 0.9056603773584906,
                "support": 26
            },
            "P361": {
                "precision": 0.5526315789473685,
                "recall": 0.7,
                "f1-score": 0.6176470588235295,
                "support": 30
            },
            "P449": {
                "precision": 0.7777777777777778,
                "recall": 1.0,
                "f1-score": 0.8750000000000001,
                "support": 7
            },
            "P559": {
                "precision": 1.0,
                "recall": 1.0,
                "f1-score": 1.0,
                "support": 1
            },
            "P20": {
                "precision": 0.4117647058823529,
                "recall": 0.875,
                "f1-score": 0.56,
                "support": 8
            },
            "P121": {
                "precision": 0.5,
                "recall": 1.0,
                "f1-score": 0.6666666666666666,
                "support": 1
            },
            "P136": {
                "precision": 0.7777777777777778,
                "recall": 0.9333333333333333,
                "f1-score": 0.8484848484848485,
                "support": 15
            },
            "P264": {
                "precision": 0.6666666666666666,
                "recall": 0.6666666666666666,
                "f1-score": 0.6666666666666666,
                "support": 3
            },
            "P463": {
                "precision": 0.8571428571428571,
                "recall": 0.6,
                "f1-score": 0.7058823529411764,
                "support": 10
            },
            "P279": {
                "precision": 0.5714285714285714,
                "recall": 0.6153846153846154,
                "f1-score": 0.5925925925925927,
                "support": 13
            },
            "P706": {
                "precision": 0.6,
                "recall": 1.0,
                "f1-score": 0.7499999999999999,
                "support": 3
            },
            "P58": {
                "precision": 0.0,
                "recall": 0.0,
                "f1-score": 0.0,
                "support": 4
            },
            "P495": {
                "precision": 1.0,
                "recall": 0.7142857142857143,
                "f1-score": 0.8333333333333333,
                "support": 7
            },
            "P1344": {
                "precision": 0.8333333333333334,
                "recall": 0.8333333333333334,
                "f1-score": 0.8333333333333334,
                "support": 6
            },
            "P36": {
                "precision": 0.8181818181818182,
                "recall": 0.75,
                "f1-score": 0.7826086956521738,
                "support": 12
            },
            "P150": {
                "precision": 0.6,
                "recall": 0.8571428571428571,
                "f1-score": 0.7058823529411764,
                "support": 7
            },
            "P2596": {
                "precision": 1.0,
                "recall": 1.0,
                "f1-score": 1.0,
                "support": 1
            },
            "P54": {
                "precision": 0.8571428571428571,
                "recall": 0.8181818181818182,
                "f1-score": 0.8372093023255814,
                "support": 22
            },
            "P607": {
                "precision": 0.9,
                "recall": 1.0,
                "f1-score": 0.9473684210526316,
                "support": 9
            },
            "P241": {
                "precision": 0.0,
                "recall": 0.0,
                "f1-score": 0.0,
                "support": 3
            },
            "P127": {
                "precision": 0.0,
                "recall": 0.0,
                "f1-score": 0.0,