{
"run_1":
{
    "model": "IEModelGoldKG",
    "learning_rate": 2e-05,
    "epochs": 6,
    "batchsize": 8,
    "scores": [
        {
            "P0": {
                "precision": 0.9576119177539036,
                "recall": 0.9261024376883046,
                "f1-score": 0.9415936432496658,
                "support": 54765
            },
            "P47": {
                "precision": 0.9174424867277063,
                "recall": 0.9539963197055764,
                "f1-score": 0.9353624097897709,
                "support": 12499
            },
            "P17": {
                "precision": 0.9599673837073852,
                "recall": 0.9720835135453938,
                "f1-score": 0.965987457752945,
                "support": 25433
            },
            "P131": {
                "precision": 0.9224546861736656,
                "recall": 0.9565577590224201,
                "f1-score": 0.939196746314184,
                "support": 19313
            },
            "P31": {
                "precision": 0.9537523900573613,
                "recall": 0.9652878567972908,
                "f1-score": 0.9594854532339505,
                "support": 8268
            },
            "micro avg": {
                "precision": 0.9476392277015044,
                "recall": 0.9463077204476297,
                "f1-score": 0.9469730060277802,
                "support": 120278
            },
            "macro avg": {
                "precision": 0.9422457728840044,
                "recall": 0.9548055773517972,
                "f1-score": 0.9483251420681033,
                "support": 120278
            },
            "weighted avg": {
                "precision": 0.9480251825129976,
                "recall": 0.9463077204476297,
                "f1-score": 0.9469492520200293,
                "support": 120278
            }
        }
    ]
},
"run_2":
{
    "model": "IEModelGoldKG",
    "learning_rate": 2e-05,
    "epochs": 6,
    "batchsize": 8,
    "scores": [
        {
            "P0": {
                "precision": 0.9571864866902948,
                "recall": 0.9271067287501141,
                "f1-score": 0.9419065198638332,
                "support": 54765
            },
            "P47": {
                "precision": 0.9289613163515544,
                "recall": 0.939515161212897,
                "f1-score": 0.9342084327764519,
                "support": 12499
            },
            "P17": {
                "precision": 0.9556513117754728,
                "recall": 0.9853733338575866,
                "f1-score": 0.9702847629556497,
                "support": 25433
            },
            "P131": {
                "precision": 0.9238252845895392,
                "recall": 0.9538652720965153,
                "f1-score": 0.9386049829316757,
                "support": 19313
            },
            "P31": {
                "precision": 0.9533841869475723,
                "recall": 0.9523463957426221,
                "f1-score": 0.9528650087735221,
                "support": 8268
            },
            "micro avg": {
                "precision": 0.9480804935516906,
                "recall": 0.9467483662847737,
                "f1-score": 0.9474139616535004,
                "support": 120278
            },
            "macro avg": {
                "precision": 0.9438017172708868,
                "recall": 0.951641378331947,
                "f1-score": 0.9475739414602267,
                "support": 120278
            },
            "weighted avg": {
                "precision": 0.9483106089893245,
                "recall": 0.9467483662847737,
                "f1-score": 0.9473303518994802,
                "support": 120278
            }
        }
    ]
},
"run_3":
{
    "model": "IEModelGoldKG",
    "learning_rate": 2e-05,
    "epochs": 6,
    "batchsize": 8,
    "scores": [
        {
            "P0": {
                "precision": 0.9672115439894219,
                "recall": 0.9216105176663928,
                "f1-score": 0.9438605677525527,
                "support": 54765
            },
            "P47": {
                "precision": 0.9147995732357872,
                "recall": 0.9603968317465397,
                "f1-score": 0.9370438312321924,
                "support": 12499
            },
            "P17": {
                "precision": 0.9546216566333917,
                "recall": 0.9851374198875477,
                "f1-score": 0.9696395054083864,
                "support": 25433
            },
            "P131": {
                "precision": 0.9225989262278783,
                "recall": 0.9609589395743799,
                "f1-score": 0.9413883182429177,
                "support": 19313
            },
            "P31": {
                "precision": 0.9520255863539445,
                "recall": 0.9720609579100146,
                "f1-score": 0.9619389587073608,
                "support": 8268
            },
            "micro avg": {
                "precision": 0.9501952393242804,
                "recall": 0.948860140674105,
                "f1-score": 0.9495272206899706,
                "support": 120278
            },
            "macro avg": {
                "precision": 0.9422514572880847,
                "recall": 0.960032933356975,
                "f1-score": 0.950774236268682,
                "support": 120278
            },
            "weighted avg": {
                "precision": 0.9508955359735385,
                "recall": 0.948860140674105,
                "f1-score": 0.949448945621054,
                "support": 120278
            }
        }
    ]
},
"run_4":
{
    "model": "IEModelGoldKG",
    "learning_rate": 2e-05,
    "epochs": 6,
    "batchsize": 8,
    "scores": [
        {
            "P0": {
                "precision": 0.9581292850146915,
                "recall": 0.9288596731489089,
                "f1-score": 0.9432674745264563,
                "support": 54765
            },
            "P47": {
                "precision": 0.9238475385458246,
                "recall": 0.9443955516441316,
                "f1-score": 0.9340085456559584,
                "support": 12499
            },
            "P17": {
                "precision": 0.9604838396017269,
                "recall": 0.9709825816852121,
                "f1-score": 0.9657046769904584,
                "support": 25433
            },
            "P131": {
                "precision": 0.9253515508128054,
                "recall": 0.9608553823849221,
                "f1-score": 0.9427693245611806,
                "support": 19313
            },
            "P31": {
                "precision": 0.9510324483775812,
                "recall": 0.9748427672955975,
                "f1-score": 0.9627904198769636,
                "support": 8268
            },
            "micro avg": {
                "precision": 0.949012979876612,
                "recall": 0.9476795423934552,
                "f1-score": 0.9483457924097393,
                "support": 120278
            },
            "macro avg": {
                "precision": 0.9437689324705258,
                "recall": 0.9559871912317544,
                "f1-score": 0.9497080883222034,
                "support": 120278
            },
            "weighted avg": {
                "precision": 0.9493137311456635,
                "recall": 0.9476795423934552,
                "f1-score": 0.9483117300028796,
                "support": 120278
            }
        }
    ]
},
"run_5":
{
    "model": "IEModelGoldKG",
    "learning_rate": 2e-05,
    "epochs": 6,
    "batchsize": 8,
    "scores": [
        {
            "P0": {
                "precision": 0.960372517342963,
                "recall": 0.9226695882406647,
                "f1-score": 0.9411436021605514,
                "support": 54765
            },
            "P47": {
                "precision": 0.9164666718278238,
                "recall": 0.947115769261541,
                "f1-score": 0.9315391879131256,