{
"run_1":
{
    "model": "BaseIEModelGoldEntities",
    "learning_rate": 2e-05,
    "epochs": 6,
    "batchsize": 8,
    "scores": 
        {
            "P0": {
                "precision": 0.9558568680847822,
                "recall": 0.9165160230073952,
                "f1-score": 0.9357731459040233,
                "support": 54765
            },
            "P47": {
                "precision": 0.8909973851326112,
                "recall": 0.9541563325066005,
                "f1-score": 0.9214959048060578,
                "support": 12499
            },
            "P17": {
                "precision": 0.9540863531225906,
                "recall": 0.9731058074155624,
                "f1-score": 0.963502228797228,
                "support": 25433
            },
            "P131": {
                "precision": 0.9163144122383253,
                "recall": 0.9428364314192513,
                "f1-score": 0.9293862447365063,
                "support": 19313
            },
            "P31": {
                "precision": 0.941911677181288,
                "recall": 0.9570633768746977,
                "f1-score": 0.9494270802087709,
                "support": 8268
            },
            "micro avg": {
                "precision": 0.9407288379721753,
                "recall": 0.9394070403565075,
                "f1-score": 0.9400674745306528,
                "support": 120278
            },
            "macro avg": {
                "precision": 0.9318333391519195,
                "recall": 0.9487355942447013,
                "f1-score": 0.9399169208905173,
                "support": 120278
            },
            "weighted avg": {
                "precision": 0.9414345259057859,
                "recall": 0.9394070403565075,
                "f1-score": 0.9400658930009389,
                "support": 120278
            }
        }
    
},
"run_2":
{
    "model": "BaseIEModelGoldEntities",
    "learning_rate": 2e-05,
    "epochs": 6,
    "batchsize": 8,
    "scores": 
        {
            "P0": {
                "precision": 0.9444837868058144,
                "recall": 0.925426823701269,
                "f1-score": 0.9348581969103067,
                "support": 54765
            },
            "P47": {
                "precision": 0.933695741701672,
                "recall": 0.9069525562044963,
                "f1-score": 0.92012987012987,
                "support": 12499
            },
            "P17": {
                "precision": 0.9502345269419975,
                "recall": 0.9797507175716589,
                "f1-score": 0.9647669196221156,
                "support": 25433
            },
            "P131": {
                "precision": 0.9144925350625849,
                "recall": 0.9419561953088593,
                "f1-score": 0.9280212212416469,
                "support": 19313
            },
            "P31": {
                "precision": 0.952392578125,
                "recall": 0.9436381228834059,
                "f1-score": 0.9479951397326852,
                "support": 8268
            },
            "micro avg": {
                "precision": 0.9402209659559234,
                "recall": 0.9388998819401719,
                "f1-score": 0.9395599595652011,
                "support": 120278
            },
            "macro avg": {
                "precision": 0.9390598337274139,
                "recall": 0.9395448831339378,
                "f1-score": 0.9391542695273248,
                "support": 120278
            },
            "weighted avg": {
                "precision": 0.9403066940692948,
                "recall": 0.9388998819401719,
                "f1-score": 0.9394571503387588,
                "support": 120278
            }
        }
    
},
"run_3":
{
    "model": "BaseIEModelGoldEntities",
    "learning_rate": 2e-05,
    "epochs": 6,
    "batchsize": 8,
    "scores": 
        {
            "P0": {
                "precision": 0.9458787459572638,
                "recall": 0.9238747375148361,
                "f1-score": 0.9347472657404671,
                "support": 54765
            },
            "P47": {
                "precision": 0.9207580361426515,
                "recall": 0.9212737018961517,
                "f1-score": 0.9210157968406318,
                "support": 12499
            },
            "P17": {
                "precision": 0.9533183787128713,
                "recall": 0.9691739079149136,
                "f1-score": 0.961180760007019,
                "support": 25433
            },
            "P131": {
                "precision": 0.9143703257541534,
                "recall": 0.9432506601770828,
                "f1-score": 0.9285859924559079,
                "support": 19313
            },
            "P31": {
                "precision": 0.9489979599183967,
                "recall": 0.9564586357039188,
                "f1-score": 0.9527136919462683,
                "support": 8268
            },
            "micro avg": {
                "precision": 0.9398546320425614,
                "recall": 0.9385340627546185,
                "f1-score": 0.9391938831966786,
                "support": 120278
            },
            "macro avg": {
                "precision": 0.9366646892970673,
                "recall": 0.9428063286413805,
                "f1-score": 0.9396487013980588,
                "support": 120278
            },
            "weighted avg": {
                "precision": 0.9399965062255464,
                "recall": 0.9385340627546185,
                "f1-score": 0.9391554465451617,
                "support": 120278
            }
        }
    
},
"run_4":
{
    "model": "BaseIEModelGoldEntities",
    "learning_rate": 2e-05,
    "epochs": 6,
    "batchsize": 8,
    "scores": 
        {
            "P0": {
                "precision": 0.9446799768410437,
                "recall": 0.9236008399525244,
                "f1-score": 0.9340214942571186,
                "support": 54765
            },
            "P47": {
                "precision": 0.9129508326098966,
                "recall": 0.9255140411232898,
                "f1-score": 0.9191895113230035,
                "support": 12499
            },
            "P17": {
                "precision": 0.9542164944463795,
                "recall": 0.9694491408799591,
                "f1-score": 0.9617725074114527,
                "support": 25433
            },
            "P131": {
                "precision": 0.9184992873141926,
                "recall": 0.9342411846942474,
                "f1-score": 0.9263033601149986,
                "support": 19313
            },
            "P31": {
                "precision": 0.9440085592011412,
                "recall": 0.9604499274310595,
                "f1-score": 0.9521582733812949,
                "support": 8268
            },
            "micro avg": {
                "precision": 0.9390553580497715,
                "recall": 0.93773591180432,
                "f1-score": 0.9383951711199026,
                "support": 120278
            },
            "macro avg": {
                "precision": 0.9348710300825308,
                "recall": 0.9426510268162162,
                "f1-score": 0.9386890292975737,
                "support": 120278
            },
            "weighted avg": {
                "precision": 0.9391492957574924,
                "recall": 0.93773591180432,
                "f1-score": 0.9383556295767331,
                "support": 120278
            }
        }
    
},
"run_5":
{
    "model": "BaseIEModelGoldEntities",
    "learning_rate": 2e-05,
    "epochs": 6,
    "batchsize": 8,
    "scores": 
        {
            "P0": {
                "precision": 0.9474839993243116,
                "recall": 0.9217748562037797,
                "f1-score": 0.9344526304098331,
                "support": 54765
            },
            "P47": {
                "precision": 0.9086906141367324,
                "recall": 0.9411152892231378,