{
    "model": "IEModelGoldKG",
    "learning_rate": 2e-05,
    "epochs": 6,
    "batchsize": 8,
    "scores": [
        {
            "per:cities_of_residence": {
                "precision": 0.7863247863247863,
                "recall": 0.8440366972477065,
                "f1-score": 0.8141592920353982,
                "support": 109
            },
            "per:countries_of_residence": {
                "precision": 0.6518518518518519,
                "recall": 0.8543689320388349,
                "f1-score": 0.7394957983193278,
                "support": 103
            },
            "per:spouse": {
                "precision": 0.6521739130434783,
                "recall": 0.8823529411764706,
                "f1-score": 0.75,
                "support": 34
            },
            "per:schools_attended": {
                "precision": 0.7407407407407407,
                "recall": 0.8,
                "f1-score": 0.7692307692307692,
                "support": 25
            },
            "per:title": {
                "precision": 0.9927536231884058,
                "recall": 0.9856115107913669,
                "f1-score": 0.9891696750902527,
                "support": 278
            },
            "per:parents": {
                "precision": 1.0,
                "recall": 0.46153846153846156,
                "f1-score": 0.631578947368421,
                "support": 39
            },
            "per:stateorprovinces_of_residence": {
                "precision": 0.7169811320754716,
                "recall": 0.8085106382978723,
                "f1-score": 0.76,
                "support": 47
            },
            "per:employee_of": {
                "precision": 0.9292035398230089,
                "recall": 0.8536585365853658,
                "f1-score": 0.8898305084745762,
                "support": 123
            },
            "org:top_members/employees": {
                "precision": 0.927536231884058,
                "recall": 0.9411764705882353,
                "f1-score": 0.9343065693430658,
                "support": 136
            },
            "per:age": {
                "precision": 0.9893617021276596,
                "recall": 0.9893617021276596,
                "f1-score": 0.9893617021276596,
                "support": 94
            },
            "per:children": {
                "precision": 0.5454545454545454,
                "recall": 0.8,
                "f1-score": 0.6486486486486486,
                "support": 15
            },
            "per:other_family": {
                "precision": 0.4444444444444444,
                "recall": 0.625,
                "f1-score": 0.5194805194805195,
                "support": 32
            },
            "per:siblings": {
                "precision": 0.8,
                "recall": 0.625,
                "f1-score": 0.7017543859649122,
                "support": 32
            },
            "org:alternate_names": {
                "precision": 0.8850574712643678,
                "recall": 1.0,
                "f1-score": 0.9390243902439025,
                "support": 77
            },
            "org:members": {
                "precision": 1.0,
                "recall": 0.3684210526315789,
                "f1-score": 0.5384615384615384,
                "support": 19
            },
            "per:date_of_death": {
                "precision": 1.0,
                "recall": 0.9375,
                "f1-score": 0.967741935483871,
                "support": 16
            },
            "org:number_of_employees/members": {
                "precision": 1.0,
                "recall": 1.0,
                "f1-score": 1.0,
                "support": 4
            },
            "per:charges": {
                "precision": 0.9166666666666666,
                "recall": 1.0,
                "f1-score": 0.9565217391304348,
                "support": 55
            },
            "per:origin": {
                "precision": 0.7727272727272727,
                "recall": 0.44155844155844154,
                "f1-score": 0.5619834710743802,
                "support": 77
            },
            "per:city_of_death": {
                "precision": 1.0,
                "recall": 0.21428571428571427,
                "f1-score": 0.35294117647058826,
                "support": 14
            },
            "org:country_of_headquarters": {
                "precision": 0.7560975609756098,
                "recall": 0.8611111111111112,
                "f1-score": 0.8051948051948052,
                "support": 36
            },
            "org:parents": {
                "precision": 0.6875,
                "recall": 0.6470588235294118,
                "f1-score": 0.6666666666666667,
                "support": 34
            },
            "org:stateorprovince_of_headquarters": {
                "precision": 0.75,
                "recall": 1.0,
                "f1-score": 0.8571428571428571,
                "support": 21
            },
            "per:alternate_names": {
                "precision": 0.3333333333333333,
                "recall": 0.2,
                "f1-score": 0.25,
                "support": 5
            },
            "org:city_of_headquarters": {
                "precision": 0.8709677419354839,
                "recall": 0.9310344827586207,
                "f1-score": 0.9,
                "support": 29
            },
            "per:stateorprovince_of_death": {
                "precision": 0.75,
                "recall": 0.42857142857142855,
                "f1-score": 0.5454545454545454,
                "support": 7
            },
            "per:religion": {
                "precision": 0.8518518518518519,
                "recall": 0.8518518518518519,
                "f1-score": 0.8518518518518519,
                "support": 27
            },
            "org:member_of": {
                "precision": 0.5,
                "recall": 0.2,
                "f1-score": 0.28571428571428575,
                "support": 10
            },
            "per:cause_of_death": {
                "precision": 1.0,
                "recall": 0.8709677419354839,
                "f1-score": 0.9310344827586207,
                "support": 31
            },
            "org:shareholders": {
                "precision": 0.0,
                "recall": 0.0,
                "f1-score": 0.0,
                "support": 3
            },
            "per:date_of_birth": {
                "precision": 0.5,
                "recall": 0.5,
                "f1-score": 0.5,
                "support": 2
            },
            "org:founded_by": {
                "precision": 0.6363636363636364,
                "recall": 0.6666666666666666,
                "f1-score": 0.6511627906976744,
                "support": 21
            },
            "org:subsidiaries": {
                "precision": 0.2,
                "recall": 0.2857142857142857,
                "f1-score": 0.23529411764705882,
                "support": 7
            },
            "org:political/religious_affiliation": {
                "precision": 1.0,
                "recall": 0.6666666666666666,
                "f1-score": 0.8,
                "support": 9
            },
            "org:founded": {
                "precision": 0.9523809523809523,
                "recall": 1.0,
                "f1-score": 0.975609756097561,
                "support": 20
            },
            "per:stateorprovince_of_birth": {
                "precision": 0.0,
                "recall": 0.0,
                "f1-score": 0.0,
                "support": 5
            },
            "per:city_of_birth": {
                "precision": 0.0,
                "recall": 0.0,
                "f1-score": 0.0,
                "support": 2
            },
            "per:country_of_birth": {
                "precision": 0.0,
                "recall": 0.0,
                "f1-score": 0.0,
                "support": 3
            },