{
    "run_1": {
        "model": "IEModelGoldKG",
        "learning_rate": 2e-05,
        "epochs": 1,
        "batchsize": 8,
        "scores": {
            "Live_In": {
                "precision": 0.5531914893617021,
                "recall": 0.7878787878787878,
                "f1-score": 0.65,
                "support": 99
            },
            "Located_In": {
                "precision": 0.5269461077844312,
                "recall": 0.9361702127659575,
                "f1-score": 0.6743295019157088,
                "support": 94
            },
            "Work_For": {
                "precision": 1.0,
                "recall": 0.05333333333333334,
                "f1-score": 0.10126582278481014,
                "support": 75
            },
            "OrgBased_In": {
                "precision": 0.9508196721311475,
                "recall": 0.5523809523809524,
                "f1-score": 0.6987951807228915,
                "support": 105
            },
            "Kill": {
                "precision": 0.8936170212765957,
                "recall": 0.8936170212765957,
                "f1-score": 0.8936170212765957,
                "support": 47
            },
            "accuracy": 0.6428571428571429,
            "macro avg": {
                "precision": 0.7849148581107752,
                "recall": 0.6446760615271254,
                "f1-score": 0.6036015053400012,
                "support": 420
            },
            "weighted avg": {
                "precision": 0.7646070408388465,
                "recall": 0.6428571428571429,
                "f1-score": 0.5969176282496215,
                "support": 420
            }
        },
        "confusion matrix": [
            [
                78,
                17,
                0,
                1,
                3
            ],
            [
                4,
                88,
                0,
                2,
                0
            ],
            [
                44,
                25,
                4,
                0,
                2
            ],
            [
                11,
                36,
                0,
                58,
                0
            ],
            [
                4,
                1,
                0,
                0,
                42
            ]
        ]
    }
}