{
    "run_1": {
        "model": "IEModelGoldKG",
        "learning_rate": 2e-05,
        "epochs": 6,
        "batchsize": 8,
        "scores": {
            "Live_In": {
                "precision": 0.96,
                "recall": 0.9696969696969697,
                "f1-score": 0.964824120603015,
                "support": 99
            },
            "Located_In": {
                "precision": 0.9270833333333334,
                "recall": 0.9468085106382979,
                "f1-score": 0.9368421052631578,
                "support": 94
            },
            "Work_For": {
                "precision": 0.96,
                "recall": 0.96,
                "f1-score": 0.96,
                "support": 75
            },
            "OrgBased_In": {
                "precision": 0.9514563106796117,
                "recall": 0.9333333333333333,
                "f1-score": 0.9423076923076923,
                "support": 105
            },
            "Kill": {
                "precision": 1.0,
                "recall": 0.9787234042553191,
                "f1-score": 0.989247311827957,
                "support": 47
            },
            "accuracy": 0.9547619047619048,
            "macro avg": {
                "precision": 0.959707928802589,
                "recall": 0.9577124435847841,
                "f1-score": 0.9586442460003644,
                "support": 420
            },
            "weighted avg": {
                "precision": 0.9549732046540299,
                "recall": 0.9547619047619048,
                "f1-score": 0.9548039932920405,
                "support": 420
            }
        },
        "confusion matrix": [
            [
                96,
                0,
                3,
                0,
                0
            ],
            [
                0,
                89,
                0,
                5,
                0
            ],
            [
                3,
                0,
                72,
                0,
                0
            ],
            [
                0,
                7,
                0,
                98,
                0
            ],
            [
                1,
                0,
                0,
                0,
                46
            ]
        ]
    }
}