{
    "run_1": {
        "model": "BaseIEModelGoldEntities",
        "learning_rate": 2e-05,
        "epochs": 1,
        "batchsize": 8,
        "scores": {
            "Live_In": {
                "precision": 0.48128342245989303,
                "recall": 0.9090909090909091,
                "f1-score": 0.6293706293706294,
                "support": 99
            },
            "Located_In": {
                "precision": 0.5838926174496645,
                "recall": 0.925531914893617,
                "f1-score": 0.7160493827160493,
                "support": 94
            },
            "Work_For": {
                "precision": 1.0,
                "recall": 0.013333333333333334,
                "f1-score": 0.02631578947368421,
                "support": 75
            },
            "OrgBased_In": {
                "precision": 0.9722222222222222,
                "recall": 0.3333333333333333,
                "f1-score": 0.49645390070921985,
                "support": 105
            },
            "Kill": {
                "precision": 0.9574468085106383,
                "recall": 0.9574468085106383,
                "f1-score": 0.9574468085106385,
                "support": 47
            },
            "accuracy": 0.6142857142857143,
            "macro avg": {
                "precision": 0.7989690141284836,
                "recall": 0.6277472598323662,
                "f1-score": 0.5651273021560442,
                "support": 420
            },
            "weighted avg": {
                "precision": 0.7728959480884076,
                "recall": 0.6142857142857143,
                "f1-score": 0.5445659001618937,
                "support": 420
            }
        },
        "confusion matrix": [
            [
                90,
                8,
                0,
                0,
                1
            ],
            [
                6,
                87,
                0,
                1,
                0
            ],
            [
                66,
                8,
                1,
                0,
                0
            ],
            [
                23,
                46,
                0,
                35,
                1
            ],
            [
                2,
                0,
                0,
                0,
                45
            ]
        ]
    }
}