{
    "run_1": {
        "model": "BaseIEModelGoldEntities",
        "learning_rate": 2e-05,
        "epochs": 6,
        "batchsize": 8,
        "scores": {
            "Live_In": {
                "precision": 0.9320388349514563,
                "recall": 0.9696969696969697,
                "f1-score": 0.9504950495049505,
                "support": 99
            },
            "Located_In": {
                "precision": 0.9191919191919192,
                "recall": 0.9680851063829787,
                "f1-score": 0.9430051813471503,
                "support": 94
            },
            "Work_For": {
                "precision": 0.9594594594594594,
                "recall": 0.9466666666666667,
                "f1-score": 0.9530201342281879,
                "support": 75
            },
            "OrgBased_In": {
                "precision": 0.9696969696969697,
                "recall": 0.9142857142857143,
                "f1-score": 0.9411764705882354,
                "support": 105
            },
            "Kill": {
                "precision": 1.0,
                "recall": 0.9574468085106383,
                "f1-score": 0.9782608695652174,
                "support": 47
            },
            "accuracy": 0.95,
            "macro avg": {
                "precision": 0.9560774366599609,
                "recall": 0.9512362531085936,
                "f1-score": 0.9531915410467484,
                "support": 420
            },
            "weighted avg": {
                "precision": 0.951079824623514,
                "recall": 0.95,
                "f1-score": 0.9500471364192054,
                "support": 420
            }
        },
        "confusion matrix": [
            [
                96,
                0,
                3,
                0,
                0
            ],
            [
                0,
                91,
                0,
                3,
                0
            ],
            [
                4,
                0,
                71,
                0,
                0
            ],
            [
                1,
                8,
                0,
                96,
                0
            ],
            [
                2,
                0,
                0,
                0,
                45
            ]
        ]
    }
}