{
    "run_1": {
        "model": "BaseIEModelGoldEntities",
        "learning_rate": 2e-05,
        "epochs": 6,
        "batchsize": 16,
        "scores": {
            "OrgBased_In": {
                "precision": 0.9583333333333334,
                "recall": 0.8761904761904762,
                "f1-score": 0.9154228855721392,
                "support": 105
            },
            "Located_In": {
                "precision": 0.875,
                "recall": 0.9680851063829787,
                "f1-score": 0.9191919191919191,
                "support": 94
            },
            "Live_In": {
                "precision": 0.9789473684210527,
                "recall": 0.9393939393939394,
                "f1-score": 0.9587628865979383,
                "support": 99
            },
            "Work_For": {
                "precision": 0.9230769230769231,
                "recall": 0.96,
                "f1-score": 0.9411764705882353,
                "support": 75
            },
            "Kill": {
                "precision": 1.0,
                "recall": 1.0,
                "f1-score": 1.0,
                "support": 47
            },
            "accuracy": 0.9404761904761905,
            "macro avg": {
                "precision": 0.9470715249662618,
                "recall": 0.9487339043934788,
                "f1-score": 0.9469108323900464,
                "support": 420
            },
            "weighted avg": {
                "precision": 0.9429084731058415,
                "recall": 0.9404761904761905,
                "f1-score": 0.9405457248962585,
                "support": 420
            }
        },
        "confusion matrix": [
            [
                47,
                0,
                0,
                0,
                0
            ],
            [
                0,
                93,
                0,
                0,
                6
            ],
            [
                0,
                0,
                91,
                3,
                0
            ],
            [
                0,
                0,
                13,
                92,
                0
            ],
            [
                0,
                2,
                0,
                1,
                72
            ]
        ]
    }
}