{
    "run_1": {
        "model": "IEModelGoldKG",
        "learning_rate": 2e-05,
        "epochs": 6,
        "batchsize": 16,
        "scores": {
            "OrgBased_In": {
                "precision": 0.9489795918367347,
                "recall": 0.8857142857142857,
                "f1-score": 0.916256157635468,
                "support": 105
            },
            "Located_In": {
                "precision": 0.8640776699029126,
                "recall": 0.9468085106382979,
                "f1-score": 0.9035532994923857,
                "support": 94
            },
            "Live_In": {
                "precision": 0.97,
                "recall": 0.9797979797979798,
                "f1-score": 0.9748743718592964,
                "support": 99
            },
            "Work_For": {
                "precision": 0.9726027397260274,
                "recall": 0.9466666666666667,
                "f1-score": 0.9594594594594594,
                "support": 75
            },
            "Kill": {
                "precision": 1.0,
                "recall": 0.9787234042553191,
                "f1-score": 0.989247311827957,
                "support": 47
            },
            "accuracy": 0.9428571428571428,
            "macro avg": {
                "precision": 0.9511320002931349,
                "recall": 0.9475421694145097,
                "f1-score": 0.9486781200549134,
                "support": 420
            },
            "weighted avg": {
                "precision": 0.9448603895075787,
                "recall": 0.9428571428571428,
                "f1-score": 0.9431132205558386,
                "support": 420
            }
        },
        "confusion matrix": [
            [
                46,
                1,
                0,
                0,
                0
            ],
            [
                0,
                97,
                0,
                0,
                2
            ],
            [
                0,
                0,
                89,
                5,
                0
            ],
            [
                0,
                0,
                12,
                93,
                0
            ],
            [
                0,
                2,
                2,
                0,
                71
            ]
        ]
    }
}