{
    "run_1": {
        "model": "BaseIEModelGoldEntities",
        "learning_rate": 2e-05,
        "epochs": 6,
        "batchsize": 12,
        "scores": {
            "Located_In": {
                "precision": 0.9655172413793104,
                "recall": 0.9333333333333333,
                "f1-score": 0.9491525423728815,
                "support": 30
            },
            "OrgBased_In": {
                "precision": 0.9428571428571428,
                "recall": 0.9705882352941176,
                "f1-score": 0.9565217391304348,
                "support": 34
            },
            "Live_In": {
                "precision": 0.9444444444444444,
                "recall": 0.9714285714285714,
                "f1-score": 0.9577464788732395,
                "support": 35
            },
            "Work_For": {
                "precision": 0.9473684210526315,
                "recall": 0.9,
                "f1-score": 0.9230769230769231,
                "support": 20
            },
            "Kill": {
                "precision": 1.0,
                "recall": 1.0,
                "f1-score": 1.0,
                "support": 21
            },
            "accuracy": 0.9571428571428572,
            "macro avg": {
                "precision": 0.9600374499467058,
                "recall": 0.9550700280112044,
                "f1-score": 0.9572995366906959,
                "support": 140
            },
            "weighted avg": {
                "precision": 0.9573256005366454,
                "recall": 0.9571428571428572,
                "f1-score": 0.9569927187408792,
                "support": 140
            }
        },
        "confusion matrix": [
            [
                21,
                0,
                0,
                0,
                0
            ],
            [
                0,
                34,
                0,
                0,
                1
            ],
            [
                0,
                0,
                28,
                2,
                0
            ],
            [
                0,
                0,
                1,
                33,
                0
            ],
            [
                0,
                2,
                0,
                0,
                18
            ]
        ]
    }
}